頭文字,,お題
し,で始まる,はやいもの
か,で始まる,お正月のもの
て,で始まる,頭を使うもの
あ,で始まる,悲しい出来事
え,で始まる,天才
は,で始まる,明るいもの
き,で始まる,見るべきもの
や,で始まる,疲れるもの
そ,で始まる,難しいもの
ち,で始まる,憧れるもの
か,で始まる,遅いもの
し,で始まる,子供の頃から学ぶべきもの
き,で始まる,偉大な人
さ,で始まる,簡単にはできないもの
ふ,で始まる,丸いもの
け,で始まる,いつまでも見てしまうもの
う,で始まる,なつかしいもの
た,で始まる,生まれ変わりたいもの
め,で始まる,覚えているとかっこいいもの
い,で始まる,尖っているもの
た,で始まる,はやいもの
か,で始まる,絶対敵わないもの
に,で始まる,柔らかいもの
ぶ,で始まる,キラキラなもの
し,で始まる,人生で一度は見たいもの
じ,で始まる,集中力が必要なもの
あ,で始まる,高いもの
へ,で始まる,大切にしたいもの
こ,で始まる,もらうと困るもの
ち,で始まる,長いもの
せ,で始まる,傑作
ぴ,で始まる,時間のかかるもの
あ,で始まる,危ないこと
ほ,で始まる,思わず拍手が起こること
と,で始まる,偉業
お,で始まる,重いもの
さ,で始まる,いつかは身に付けたいこと
く,で始まる,踏むと痛いもの
し,で始まる,頭がいい人
せ,で始まる,短いもの
は,で始まる,温まるもの
か,で始まる,学びたいもの
う,で始まる,キレイなもの
ま,で始まる,意味のないこと
あ,で始まる,人が集まる場所
た,で始まる,ノーベル賞を贈りたい人
ふ,で始まる,サクサクなもの
き,で始まる,無人島に持っていきたいもの
え,で始まる,子供が大はしゃぎするもの
か,で始まる,家の中でしたいこと
こ,で始まる,大切なもの
は,で始まる,会いたい人
ど,で始まる,学生がするべきこと
ぽ,で始まる,赤いもの
や,で始まる,QuizKnockに足りないもの
こ,で始まる,歴史があるもの
は,で始まる,根気が必要なもの
か,で始まる,薄いもの
き,で始まる,壊れやすいもの
お,で始まる,見つけたいもの
け,で始まる,昔はできなかったもの
し,で始まる,テクニックが必要なもの
ご,で始まる,元気が出ること
と,で始まる,目が離せない瞬間
あ,で始まる,便利なもの
せ,で始まる,忘れてしまいそうなもの
ほ,で始まる,いっぱいほしいもの
い,で始まる,うまくいかないもの
や,で始まる,参考になるもの
に,で始まる,予想できないもの
ふ,で始まる,自慢になること